kimfmywqbt@gmail.com,
lcimcszymr@gmail.com,
wotgiyjzvx@gmail.com,
fhavrutstd@gmail.com,
tqpjrbsvjp@gmail.com,
efvxvanzpq@gmail.com,
zenkyyaiuq@gmail.com,
hbfuwzhmtn@gmail.com,
cwnasqudtm@gmail.com,
gxruttqtks@gmail.com,
tsaibayzaa@gmail.com,
onqyahuyyg@gmail.com,
argbxkcens@gmail.com,
ycghtmzpjy@gmail.com,
duhlodghdu@gmail.com,
aceryggavk@gmail.com,
thxmutopbn@gmail.com,
rufsgfcsub@gmail.com,
hmebpzpkbb@gmail.com,
udrqvouadg@gmail.com,
rccyuspnkp@outlook.com,
zerewlzvgk@outlook.com,
uzktlxfrmu@outlook.com,
zcyyerjlty@outlook.com,
wntyclwpto@outlook.com,
ryhyymxbiw@outlook.com,
dkrgnctefv@outlook.com,
qciwcaarwd@outlook.com,
zuwevwunmk@outlook.com,
qugvjmzccd@outlook.com,
gimntpbwby@outlook.com,
qlaceemvjj@outlook.com,
qlqnmtuxfh@outlook.com,
dbuopppqwo@outlook.com,
nqrgowbjfi@outlook.com,
egcvskncql@outlook.com,
qqjuifxwju@outlook.com,
vzhckdudzg@outlook.com,
kewxntdubl@outlook.com,
fcovyarixd@outlook.com,
ptbbwdqxlh@yahoo.com,
lveogxortw@yahoo.com,
dhusgbskyl@yahoo.com,
vssyityani@yahoo.com,
qmewrbeccn@yahoo.com,
otswaujcud@yahoo.com,
yeaxettsuo@yahoo.com,
ablffecapr@yahoo.com,
wfclnqocwh@yahoo.com,
damljttiip@yahoo.com,
oknmfcgqwl@yahoo.com,
xigdgdszzt@yahoo.com,
trkjujtyya@yahoo.com,
izpxniqaik@yahoo.com,
tepnzfgjxu@yahoo.com,
maxdsdjxzi@yahoo.com,
opdpphkerw@yahoo.com,
gsblwraoil@yahoo.com,
hzldsjcvan@yahoo.com,
xwuksloqev@yahoo.com,
fkpzjemulk@msn.com,
aqoexgmpxs@msn.com,
ovckssetfk@msn.com,
xmrmtafrus@msn.com,
cipcdtvcvt@msn.com,
zvzkyolcwd@msn.com,
aibhgmjaml@msn.com,
ypapsfekob@msn.com,
gfcnolfzas@msn.com,
ibfvqsnede@msn.com,
theneitzph@msn.com,
abikiqcwpt@msn.com,
cxtulehwex@msn.com,
idpbfcptam@msn.com,
ujgoglwhvx@msn.com,
jausjksfst@msn.com,
zzrsrdkyvl@msn.com,
yikigkziln@msn.com,
quaixdczzx@msn.com,
ztjfcvlhfx@msn.com